<?xml version="1.0" encoding="UTF-8" standalone="yes"?>
<addon id="repository.tvban-Matrix" name="[COLOR steelblue][B]Repo[/B][/COLOR] [COLOR azure][B]TVBAN[/B] [/COLOR][COLOR limegreen][B]MATRIX[/B][/COLOR]" version="3.1.1" provider-name="TVBAN">
    <extension point="xbmc.addon.repository" name="[COLOR dodgerblue][B]Repo[/B][/COLOR] TVBAN[COLOR limegreen]MATRIX[/COLOR]">
        <dir minversion="18.0" maxversion="18.9.0">
            <info compressed="false">https://raw.githubusercontent.com/TVBAN/Repo-TVBAN/master/leia/zips/addons.xml</info>
            <checksum>https://raw.githubusercontent.com/TVBAN/Repo-TVBAN/master/leia/zips/addons.xml.md5</checksum>
            <datadir zip="true">https://raw.githubusercontent.com/TVBAN/Repo-TVBAN/master/leia/zips/</datadir>
        </dir>
        <dir minversion="18.9.0">
            <info compressed="false">https://raw.githubusercontent.com/TVBAN/Repo-TVBAN/master/matrix/zips/addons.xml</info>
            <checksum>https://raw.githubusercontent.com/TVBAN/Repo-TVBAN/master/matrix/zips/addons.xml.md5</checksum>
            <datadir zip="true">https://raw.githubusercontent.com/TVBAN/Repo-TVBAN/master/matrix/zips/</datadir>
        </dir>
        <dir minversion="18.9.0">
            <info>https://raw.githubusercontent.com/Palantiraddon/Repo/master/Palantir/addons.xml</info>
            <checksum>https://raw.githubusercontent.com/Palantiraddon/Repo/master/Palantir/addons.xml.md5</checksum>
            <datadir zip="true">https://raw.githubusercontent.com/Palantiraddon/repo/master/Palantir/</datadir>
        </dir>
		<dir minversion="18.9.0">
            <info compressed="false">https://raw.githubusercontent.com/tvban/Repo-TVBAN/main/Elementum-ARM/zips/addons.xml</info>
            <checksum>https://raw.githubusercontent.com/tvban/Repo-TVBAN/master/Elementum-ARM/zips/addons.xml.md5</checksum>
            <datadir zip="true">https://raw.githubusercontent.com/TVBAN/Repo-TVBAN//master/Elementum-ARM/zips</datadir>
        </dir>
		<dir minversion="18.9.0">
            <info compressed="false">https://raw.githubusercontent.com/tvban/Repo-TVBAN/main/Elementum-Wx64/zips/addons.xml</info>
            <checksum>https://raw.githubusercontent.com/tvban/Repo-TVBAN/master/Elementum-Wx64/zips/addons.xml.md5</checksum>
            <datadir zip="true">https://raw.githubusercontent.com/TVBAN/Repo-TVBAN//master/Elementum-Wx64/zips</datadir>
        </dir>
		<dir minversion="18.9.0">
            <info compressed="false">https://raw.githubusercontent.com/tvban/Repo-TVBAN/main/Elementum-Wx86/zips/addons.xml</info>
            <checksum>https://raw.githubusercontent.com/tvban/Repo-TVBAN/master/Elementum-Wx86/zips/addons.xml.md5</checksum>
            <datadir zip="true">https://raw.githubusercontent.com/TVBAN/Repo-TVBAN//master/Elementum-Wx86/zips</datadir>
        </dir>
    </extension>
    
    <extension point="xbmc.addon.metadata">
        <summary>[COLOR steelblue][B]Repo[/B][/COLOR] [COLOR azure][B]TVBAN[/B] [/COLOR][COLOR limegreen][B]MATRIX[/B][/COLOR]</summary>
        <description>Repositorio de addons [COLOR dodgerblue]TVBAN[/COLOR].</description>
        <disclaimer>Éste repositorio sólo recoge addons válidos para Kodi 19.x MATRIX.</disclaimer>
        <platform>all</platform>
        <assets>
            <icon>icon.png</icon>
            <fanart>fanart.jpg</fanart>
        </assets>
		<source>https://github.com/TVBAN/Repo-TVBAN/</source>
    </extension>
</addon>
